"0","library(summarytools)"
"0","library(tidyverse) #data wrangling"
"0","library(codebook) #codebook generation"
"0","library(future) #reliability"
"0","library(ufs) #reliability"
"0","library(GGally) #reliability"
"0","library(GPArotation) #reliability"
"0","library(rio) #reading in different file types"
"0","library(labelled) #labeling data"
"0","library(psych)"
"0","library(corrplot) "
"0","library(psych)"
"0","library(mirt)"
"0","library(eRm)"
"0","library(mice)"
"0","library(lavaan)"
"0","library(semPlot)"
"0","library(parameters)"
"0","library(broom)"
"0","library(likert)"
"0","library(sjPlot)"
"0","library(readxl)"
"0","library(foreign)"
"0","library(lme4)"
"0","library(lmerTest)"
"0","library(mvnormtest)"
"0","library(mvnormalTest)"
"0","library(ggpubr)"
"0","library(rstatix)"
"0","library(heplots)"
